code,id,chart_template_id/id,user_type_id/id,reconcile,name,tag_ids/id
000,kp_000,l10n_mk_chart_template_kp,account.data_account_type_non_current_assets,,Издатоци за развој,"tag_0,tag_00"
001,kp_001,l10n_mk_chart_template_kp,account.data_account_type_non_current_assets,,Гудвил (Goodwil),"tag_0,tag_00"
002,kp_002,l10n_mk_chart_template_kp,account.data_account_type_non_current_assets,,"Концесии, патенти, лиценци, трговски и услужни марки","tag_0,tag_00"
003,kp_003,l10n_mk_chart_template_kp,account.data_account_type_non_current_assets,,Софтвер и останати права,"tag_0,tag_00"
005,kp_005,l10n_mk_chart_template_kp,account.data_account_type_non_current_assets,,Аванси за набавка на нематеријални средства,"tag_0,tag_00"
006,kp_006,l10n_mk_chart_template_kp,account.data_account_type_non_current_assets,,Нематеријални средства во подготовка,"tag_0,tag_00"
007,kp_007,l10n_mk_chart_template_kp,account.data_account_type_non_current_assets,,Останати нематеријални средства,"tag_0,tag_00"
008,kp_008,l10n_mk_chart_template_kp,account.data_account_type_non_current_assets,,Вредносно усогласување на нематеријални средства,"tag_0,tag_00"
009,kp_009,l10n_mk_chart_template_kp,account.data_account_type_non_current_assets,,Акумулирана амортизација на нематеријални средства,"tag_0,tag_00"
010,kp_010,l10n_mk_chart_template_kp,account.data_account_type_fixed_assets,,Земјишта,"tag_0,tag_01"
011,kp_011,l10n_mk_chart_template_kp,account.data_account_type_fixed_assets,,Градежни објекти,"tag_0,tag_01"
012,kp_012,l10n_mk_chart_template_kp,account.data_account_type_fixed_assets,,Постројки и опрема,"tag_0,tag_01"
013,kp_013,l10n_mk_chart_template_kp,account.data_account_type_fixed_assets,,"Алат, погонски и канцелариски инвентар, мебел и транспортни средства","tag_0,tag_01"
014,kp_014,l10n_mk_chart_template_kp,account.data_account_type_fixed_assets,,Биолошки средства,"tag_0,tag_01"
015,kp_015,l10n_mk_chart_template_kp,account.data_account_type_fixed_assets,,Останати материјални средства,"tag_0,tag_01"
016,kp_016,l10n_mk_chart_template_kp,account.data_account_type_fixed_assets,,Материјални средства во подготовка,"tag_0,tag_01"
017,kp_017,l10n_mk_chart_template_kp,account.data_account_type_fixed_assets,,Аванси за набавка на материјални средства,"tag_0,tag_01"
018,kp_018,l10n_mk_chart_template_kp,account.data_account_type_fixed_assets,,Вредносно усогласување на материјални средства,"tag_0,tag_01"
019,kp_019,l10n_mk_chart_template_kp,account.data_account_type_non_current_assets,,Акумулирана амортизација на материјални средства,"tag_0,tag_01"
020,kp_020,l10n_mk_chart_template_kp,account.data_account_type_non_current_assets,,Вложувања во недвижности за наем,"tag_0,tag_02"
021,kp_021,l10n_mk_chart_template_kp,account.data_account_type_non_current_assets,,Вложувања во недвижности заради зголемување на капиталот,"tag_0,tag_02"
026,kp_026,l10n_mk_chart_template_kp,account.data_account_type_non_current_assets,,Вложувања во недвижности во подготовка,"tag_0,tag_02"
027,kp_027,l10n_mk_chart_template_kp,account.data_account_type_non_current_assets,,Аванси за вложувања во недвижности,"tag_0,tag_02"
028,kp_028,l10n_mk_chart_template_kp,account.data_account_type_non_current_assets,,Вредносно усогласување на вложувања во недвижности,"tag_0,tag_02"
029,kp_029,l10n_mk_chart_template_kp,account.data_account_type_non_current_assets,,Акумулирана амортизација на вложувања во недвижности,"tag_0,tag_02"
030,kp_030,l10n_mk_chart_template_kp,account.data_account_type_non_current_assets,,Вложувања во подружница,"tag_0,tag_03"
031,kp_031,l10n_mk_chart_template_kp,account.data_account_type_non_current_assets,,Вложувања во придружни друштва и заеднички контролирани друштва (учество во заеднички вложувања),"tag_0,tag_03"
032,kp_032,l10n_mk_chart_template_kp,account.data_account_type_non_current_assets,,Долгорочни заеми и кредити на поврзани друштва во земјата и странство,"tag_0,tag_03"
033,kp_033,l10n_mk_chart_template_kp,account.data_account_type_non_current_assets,,Дадени заеми и кредити во земјата и во странство,"tag_0,tag_03"
034,kp_034,l10n_mk_chart_template_kp,account.data_account_type_non_current_assets,,Финансиски средства кои се чуваат до доспевање,"tag_0,tag_03"
035,kp_035,l10n_mk_chart_template_kp,account.data_account_type_non_current_assets,,Финансиски средства расположиви за продажба,"tag_0,tag_03"
036,kp_036,l10n_mk_chart_template_kp,account.data_account_type_non_current_assets,,Финансиски средства според објективна вредност преку добивката или загубата,"tag_0,tag_03"
037,kp_037,l10n_mk_chart_template_kp,account.data_account_type_non_current_assets,,Дадени депозити и кауции во земјата и странство,"tag_0,tag_03"
038,kp_038,l10n_mk_chart_template_kp,account.data_account_type_non_current_assets,,Останати долгорочни финансиски средства,"tag_0,tag_03"
039,kp_039,l10n_mk_chart_template_kp,account.data_account_type_non_current_assets,,Вредносно усогласување на долгорочните финансиски средства,"tag_0,tag_03"
040,kp_040,l10n_mk_chart_template_kp,account.data_account_type_non_current_assets,,Побарувања од поврзани друштва врз основа на продажба,"tag_0,tag_04"
041,kp_041,l10n_mk_chart_template_kp,account.data_account_type_non_current_assets,,Побарувања од неповрзани друштва врз основа на продажба на кредит,"tag_0,tag_04"
042,kp_042,l10n_mk_chart_template_kp,account.data_account_type_non_current_assets,,Побарувања врз основа на наем - финансиски лизинг,"tag_0,tag_04"
043,kp_043,l10n_mk_chart_template_kp,account.data_account_type_non_current_assets,,Побарувања врз основа на форфетинг,"tag_0,tag_04"
044,kp_044,l10n_mk_chart_template_kp,account.data_account_type_non_current_assets,,Побарувања врз основа на дадени гаранции,"tag_0,tag_04"
045,kp_045,l10n_mk_chart_template_kp,account.data_account_type_non_current_assets,,Спорни и ризични побарувања,"tag_0,tag_04"
046,kp_046,l10n_mk_chart_template_kp,account.data_account_type_non_current_assets,,Побарувања за дадени аванси,"tag_0,tag_04"
047,kp_047,l10n_mk_chart_template_kp,account.data_account_type_non_current_assets,,Останати долгорочни побарувања,"tag_0,tag_04"
049,kp_049,l10n_mk_chart_template_kp,account.data_account_type_non_current_assets,,Вредносно усогласување на долгорочни побарувања,"tag_0,tag_04"
050,kp_050,l10n_mk_chart_template_kp,account.data_account_type_non_current_assets,,Одложени даночни средства,"tag_0,tag_05"
100,kp_100,l10n_mk_chart_template_kp,account.data_account_type_liquidity,,Парични средства на трансакциски сметки во денари,"tag_1,tag_10"
101,kp_101,l10n_mk_chart_template_kp,account.data_account_type_liquidity,,Издвоени парични средства и акредитиви,"tag_1,tag_10"
102,kp_102,l10n_mk_chart_template_kp,account.data_account_type_liquidity,,Парични средства во благајна,"tag_1,tag_10"
103,kp_103,l10n_mk_chart_template_kp,account.data_account_type_liquidity,,Девизни сметки,"tag_1,tag_10"
104,kp_104,l10n_mk_chart_template_kp,account.data_account_type_liquidity,,Девизни акредитиви,"tag_1,tag_10"
105,kp_105,l10n_mk_chart_template_kp,account.data_account_type_liquidity,,Парични средства во благајна во странска валута,"tag_1,tag_10"
106,kp_106,l10n_mk_chart_template_kp,account.data_account_type_liquidity,,Депозити - парични еквиваленти,"tag_1,tag_10"
107,kp_107,l10n_mk_chart_template_kp,account.data_account_type_liquidity,,Хартии од вредност - готовински еквиваленти,"tag_1,tag_10"
108,kp_108,l10n_mk_chart_template_kp,account.data_account_type_liquidity,,Останати парични средства,"tag_1,tag_10"
110,kp_110,l10n_mk_chart_template_kp,account.data_account_type_receivable,True,Побарувања од поврзани друштва врз основа на продажба на добра и услуги во земјата,"tag_1,tag_11"
111,kp_111,l10n_mk_chart_template_kp,account.data_account_type_receivable,True,Побарувања од поврзани друштва врз основа на продажба на добра и услуги во странство,"tag_1,tag_11"
112,kp_112,l10n_mk_chart_template_kp,account.data_account_type_prepayments,True,"Побарувања од поврзани друштва за аванси, депозити и кауции во земјата","tag_1,tag_11"
113,kp_113,l10n_mk_chart_template_kp,account.data_account_type_prepayments,True,"Побарувања од поврзани друштва за аванси, депозити и кауции во странство","tag_1,tag_11"
114,kp_114,l10n_mk_chart_template_kp,account.data_account_type_receivable,True,Побарувања од поврзани друштва за камати (договорни и казнени) во земјата,"tag_1,tag_11"
115,kp_115,l10n_mk_chart_template_kp,account.data_account_type_receivable,True,Побарувања од поврзани друштва за камати (договорни и казнени) во странство,"tag_1,tag_11"
116,kp_116,l10n_mk_chart_template_kp,account.data_account_type_receivable,True,Побарувања од специфично работење од поврзани друштва,"tag_1,tag_11"
118,kp_118,l10n_mk_chart_template_kp,account.data_account_type_receivable,True,Останати побарувања од поврзани друштва,"tag_1,tag_11"
119,kp_119,l10n_mk_chart_template_kp,account.data_account_type_receivable,True,Вредносно усогласување на побарувањата од поврзани друштва,"tag_1,tag_11"
120,kp_120,l10n_mk_chart_template_kp,account.data_account_type_receivable,True,Побарувања од купувачи во земјата,"tag_1,tag_12"
121,kp_121,l10n_mk_chart_template_kp,account.data_account_type_receivable,True,Побарувања од купувачи во странство,"tag_1,tag_12"
122,kp_122,l10n_mk_chart_template_kp,account.data_account_type_prepayments,True,"Побарувања за дадени аванси, депозити и кауции во земјата","tag_1,tag_12"
123,kp_123,l10n_mk_chart_template_kp,account.data_account_type_prepayments,True,"Побарувања за дадени аванси, депозити и кауции во странство","tag_1,tag_12"
124,kp_124,l10n_mk_chart_template_kp,account.data_account_type_receivable,True,Побарувања од специфично работење на неповрзани друштва,"tag_1,tag_12"
125,kp_125,l10n_mk_chart_template_kp,account.data_account_type_receivable,True,Побарувања од камати (договорни и казнени),"tag_1,tag_12"
126,kp_126,l10n_mk_chart_template_kp,account.data_account_type_receivable,True,Спорни и сомнителни побарувања,"tag_1,tag_12"
127,kp_127,l10n_mk_chart_template_kp,account.data_account_type_receivable,True,Останати побарувања,"tag_1,tag_12"
129,kp_129,l10n_mk_chart_template_kp,account.data_account_type_receivable,True,Вредносно усогласување на побарувањата од купувачи,"tag_1,tag_12"
130,kp_130,l10n_mk_chart_template_kp,account.data_account_type_current_assets,,Данок на додадена вредност,"tag_1,tag_13"
1301,kp_1301,l10n_mk_chart_template_kp,account.data_account_type_current_assets,,Данок на додадена вредност – 18%,"tag_1,tag_13"
1302,kp_1302,l10n_mk_chart_template_kp,account.data_account_type_current_assets,,Данок на додадена вредност – 5%,"tag_1,tag_13"
1303,kp_1303,l10n_mk_chart_template_kp,account.data_account_type_current_assets,,Данок на додадена вредност – аванси 18%,"tag_1,tag_13"
1304,kp_1304,l10n_mk_chart_template_kp,account.data_account_type_current_assets,,Данок на додадена вредност – аванси 5%,"tag_1,tag_13"
1305,kp_1305,l10n_mk_chart_template_kp,account.data_account_type_current_assets,,Данок на додадена вредност – увоз 18%,"tag_1,tag_13"
1306,kp_1306,l10n_mk_chart_template_kp,account.data_account_type_current_assets,,Данок на додадена вредност – увоз 5%,"tag_1,tag_13"
131,kp_131,l10n_mk_chart_template_kp,account.data_account_type_current_assets,,Побарувања за повеќе платени акцизи,"tag_1,tag_13"
132,kp_132,l10n_mk_chart_template_kp,account.data_account_type_current_assets,,Побарувања за повеќе платени царини и царински давачки,"tag_1,tag_13"
133,kp_133,l10n_mk_chart_template_kp,account.data_account_type_current_assets,,"Побарувања за повеќе платен данок на добивка, данок на вкупен приход и данок на приход платен на странско правно лице (задржан данок)","tag_1,tag_13"
134,kp_134,l10n_mk_chart_template_kp,account.data_account_type_current_assets,,Побарувања за повеќе платен персонален данок на доход,"tag_1,tag_13"
135,kp_135,l10n_mk_chart_template_kp,account.data_account_type_current_assets,,Побарувања за повеќе платени придонеси и други давачки,"tag_1,tag_13"
136,kp_136,l10n_mk_chart_template_kp,account.data_account_type_current_assets,,Побарувања за повеќе платен данок на имот,"tag_1,tag_13"
137,kp_137,l10n_mk_chart_template_kp,account.data_account_type_current_assets,,"Побарувања за регрес, субвенции, премии и други државни поддршки","tag_1,tag_13"
138,kp_138,l10n_mk_chart_template_kp,account.data_account_type_current_assets,,Останати побарувања од државни органи и институции,"tag_1,tag_13"
139,kp_139,l10n_mk_chart_template_kp,account.data_account_type_current_assets,,Вредносно усогласување на побарувањата од државни органи и институции,"tag_1,tag_13"
140,kp_140,l10n_mk_chart_template_kp,account.data_account_type_current_assets,,Побарувања од вработените за повеќе исплатена плата и надоместоци на плата и други примања,"tag_1,tag_14"
143,kp_143,l10n_mk_chart_template_kp,account.data_account_type_current_assets,,Побарувања од вработените за аконтации за службени патувања,"tag_1,tag_14"
145,kp_145,l10n_mk_chart_template_kp,account.data_account_type_current_assets,,Останати побарувања од вработените,"tag_1,tag_14"
149,kp_149,l10n_mk_chart_template_kp,account.data_account_type_current_assets,,Вредносно усогласување на побарувањата од вработените,"tag_1,tag_14"
150,kp_150,l10n_mk_chart_template_kp,account.data_account_type_current_assets,,Побарувања од осигурителни друштва,"tag_1,tag_15"
151,kp_151,l10n_mk_chart_template_kp,account.data_account_type_current_assets,,"Побарувања за тантиеми (надоместоци за користење патенти, знаци и авторски права)","tag_1,tag_15"
152,kp_152,l10n_mk_chart_template_kp,account.data_account_type_current_assets,,"Побарувања врз основа на цесија, асигнација и преземање на долг","tag_1,tag_15"
153,kp_153,l10n_mk_chart_template_kp,account.data_account_type_current_assets,,Побарувања за членарини,"tag_1,tag_15"
154,kp_154,l10n_mk_chart_template_kp,account.data_account_type_current_assets,,Побарувања за дивиденда или удел во добивката,"tag_1,tag_15"
157,kp_157,l10n_mk_chart_template_kp,account.data_account_type_current_assets,,Побарувања врз основа на продажба на удел,"tag_1,tag_15"
158,kp_158,l10n_mk_chart_template_kp,account.data_account_type_current_assets,,Останати побарувања,"tag_1,tag_15"
159,kp_159,l10n_mk_chart_template_kp,account.data_account_type_current_assets,,Вредносно усогласување на останати побарувања,"tag_1,tag_15"
160,kp_160,l10n_mk_chart_template_kp,account.data_account_type_current_assets,,Краткорочни кредити и заеми од поврзани друштва во земјата,"tag_1,tag_16"
161,kp_161,l10n_mk_chart_template_kp,account.data_account_type_current_assets,,Краткорочни кредити и заеми од поврзани друштва во странство,"tag_1,tag_16"
162,kp_162,l10n_mk_chart_template_kp,account.data_account_type_current_assets,,Краткорочни кредити и заеми во земјата,"tag_1,tag_16"
163,kp_163,l10n_mk_chart_template_kp,account.data_account_type_current_assets,,Краткорочни кредити и заеми од странство,"tag_1,tag_16"
164,kp_164,l10n_mk_chart_template_kp,account.data_account_type_current_assets,,Хартии од вредност кои се чуваат до доспевање,"tag_1,tag_16"
165,kp_165,l10n_mk_chart_template_kp,account.data_account_type_current_assets,,Хартии од вредност според објективна вредност преку добивката или загубата,"tag_1,tag_16"
166,kp_166,l10n_mk_chart_template_kp,account.data_account_type_current_assets,,Краткорочно орочени денарски средства,"tag_1,tag_16"
167,kp_167,l10n_mk_chart_template_kp,account.data_account_type_current_assets,,Краткорочно орочени странски средства за плаќање,"tag_1,tag_16"
168,kp_168,l10n_mk_chart_template_kp,account.data_account_type_current_assets,,Останати краткорочни финансиски средства,"tag_1,tag_16"
169,kp_169,l10n_mk_chart_template_kp,account.data_account_type_current_assets,,Вредносно усогласување на финансиски средства,"tag_1,tag_16"
190,kp_190,l10n_mk_chart_template_kp,account.data_account_type_prepayments,,Однапред платени трошоци,"tag_1,tag_16"
191,kp_191,l10n_mk_chart_template_kp,account.data_account_type_prepayments,,Однапред платени зависни трошоци за набавка,"tag_1,tag_16"
192,kp_192,l10n_mk_chart_template_kp,account.data_account_type_prepayments,,Однапред платени надоместоци за концесија,"tag_1,tag_16"
193,kp_193,l10n_mk_chart_template_kp,account.data_account_type_prepayments,,"Однапред платени франшизи, трговски знаци и слични права","tag_1,tag_16"
194,kp_194,l10n_mk_chart_template_kp,account.data_account_type_prepayments,,Однапред платени патенти и лиценци,"tag_1,tag_16"
195,kp_195,l10n_mk_chart_template_kp,account.data_account_type_current_assets,,Пресметани приходи што не можеле да бидат фактурирани,"tag_1,tag_16"
198,kp_198,l10n_mk_chart_template_kp,account.data_account_type_current_assets,,Останати однапред платени трошоци и пресметани приходи,"tag_1,tag_16"
210,kp_210,l10n_mk_chart_template_kp,account.data_account_type_payable,True,Обврски од поврзани друштва врз основа на набавка на добра и услуги во земјата,"tag_2,tag_21"
211,kp_211,l10n_mk_chart_template_kp,account.data_account_type_payable,True,Обврски од поврзани друштва врз основа на набавка на добра и услуги од странство,"tag_2,tag_21"
212,kp_212,l10n_mk_chart_template_kp,account.data_account_type_prepayments,True,"Обврски од поврзани друштва за аванси, депозити и кауции во земјата","tag_2,tag_21"
213,kp_213,l10n_mk_chart_template_kp,account.data_account_type_prepayments,True,"Обврски од поврзани друштва за аванси, депозити и кауции од странство","tag_2,tag_21"
214,kp_214,l10n_mk_chart_template_kp,account.data_account_type_payable,True,Обврски од поврзани друштва за камати (договорни и казнени) во земјата,"tag_2,tag_21"
215,kp_215,l10n_mk_chart_template_kp,account.data_account_type_payable,True,Обврски од поврзани друштва за камати (договорни и казнени) од странство,"tag_2,tag_21"
216,kp_216,l10n_mk_chart_template_kp,account.data_account_type_payable,True,Обврски од специфично работење од поврзани друштва,"tag_2,tag_21"
218,kp_218,l10n_mk_chart_template_kp,account.data_account_type_payable,True,Останати обврски од поврзани друштва,"tag_2,tag_21"
220,kp_220,l10n_mk_chart_template_kp,account.data_account_type_payable,True,Обврски спрема добавувачи во земјата,"tag_2,tag_22"
221,kp_221,l10n_mk_chart_template_kp,account.data_account_type_payable,True,Обврски спрема добавувачи од странство,"tag_2,tag_22"
222,kp_222,l10n_mk_chart_template_kp,account.data_account_type_prepayments,True,"Обврски за примени аванси, депозити и кауции во земјата","tag_2,tag_22"
223,kp_223,l10n_mk_chart_template_kp,account.data_account_type_prepayments,True,"Обврски за примени аванси, депозити и кауции од странство","tag_2,tag_22"
224,kp_224,l10n_mk_chart_template_kp,account.data_account_type_payable,True,Обврски од специфично работење од неповрзани друштва,"tag_2,tag_22"
225,kp_225,l10n_mk_chart_template_kp,account.data_account_type_payable,True,Обврски за камати (договорни и казнени),"tag_2,tag_22"
229,kp_229,l10n_mk_chart_template_kp,account.data_account_type_payable,True,Останати обврски од добавувачи,"tag_2,tag_22"
230,kp_230,l10n_mk_chart_template_kp,account.data_account_type_current_liabilities,,Обврски за данокот на додадена вредност,"tag_2,tag_23"
2301,kp_2301,l10n_mk_chart_template_kp,account.data_account_type_current_liabilities,,Обврски за данокот на додадена вредност – 18%,"tag_2,tag_23"
2302,kp_2302,l10n_mk_chart_template_kp,account.data_account_type_current_liabilities,,Обврски за данокот на додадена вредност – 5%,"tag_2,tag_23"
2303,kp_2303,l10n_mk_chart_template_kp,account.data_account_type_current_liabilities,,Обврски за данокот на додадена вредност – аванси 18%,"tag_2,tag_23"
2304,kp_2304,l10n_mk_chart_template_kp,account.data_account_type_current_liabilities,,Обврски за данокот на додадена вредност – аванси 5%,"tag_2,tag_23"
231,kp_231,l10n_mk_chart_template_kp,account.data_account_type_current_liabilities,,Обврски за акцизи,"tag_2,tag_23"
232,kp_232,l10n_mk_chart_template_kp,account.data_account_type_current_liabilities,,Обврски за царини и царински давачки,"tag_2,tag_23"
233,kp_233,l10n_mk_chart_template_kp,account.data_account_type_current_liabilities,,"Обврски за данок на добивка, данок на вкупен приход и данок на приход платен на странско правно лице (задржан данок)","tag_2,tag_23"
234,kp_234,l10n_mk_chart_template_kp,account.data_account_type_current_liabilities,,Обврски за даноци и придонеси на плата и надоместоци на плата,"tag_2,tag_23"
235,kp_235,l10n_mk_chart_template_kp,account.data_account_type_current_liabilities,,Обврски за персонален данок на доход,"tag_2,tag_23"
236,kp_236,l10n_mk_chart_template_kp,account.data_account_type_current_liabilities,,Обврски за данок на имот,"tag_2,tag_23"
237,kp_237,l10n_mk_chart_template_kp,account.data_account_type_current_liabilities,,Обврски за данок на непризнати расходи и помалку искажани приходи,"tag_2,tag_23"
239,kp_239,l10n_mk_chart_template_kp,account.data_account_type_current_liabilities,,"Обврски за останати даноци, придонеси и други давачки","tag_2,tag_23"
240,kp_240,l10n_mk_chart_template_kp,account.data_account_type_current_liabilities,,Обврски за плата и надоместоци на плата,"tag_2,tag_24"
241,kp_241,l10n_mk_chart_template_kp,account.data_account_type_current_liabilities,,Обврски за надоместоци на трошоците на вработените,"tag_2,tag_24"
242,kp_242,l10n_mk_chart_template_kp,account.data_account_type_current_liabilities,,Останати обврски спрема вработените врз основа на колективни договори,"tag_2,tag_24"
249,kp_249,l10n_mk_chart_template_kp,account.data_account_type_current_liabilities,,Останати обврски спрема вработените,"tag_2,tag_24"
250,kp_250,l10n_mk_chart_template_kp,account.data_account_type_current_liabilities,,Обврски спрема осигурителни друштва,"tag_2,tag_25"
251,kp_251,l10n_mk_chart_template_kp,account.data_account_type_current_liabilities,,"Обврски за надомест и други примања на членови на управен и надзорен одбор, одбор на директори и управители","tag_2,tag_25"
252,kp_252,l10n_mk_chart_template_kp,account.data_account_type_current_liabilities,,Обврски спрема вршители на дејност и други физички лица,"tag_2,tag_25"
253,kp_253,l10n_mk_chart_template_kp,account.data_account_type_current_liabilities,,Обврски врз основа на наем,"tag_2,tag_25"
254,kp_254,l10n_mk_chart_template_kp,account.data_account_type_current_liabilities,,Обврски врз основа на учество во добивката,"tag_2,tag_25"
255,kp_255,l10n_mk_chart_template_kp,account.data_account_type_current_liabilities,,Обврски за членарини,"tag_2,tag_25"
256,kp_256,l10n_mk_chart_template_kp,account.data_account_type_current_liabilities,,Обврски за краткорочни резервирања на трошоци во гарантен рок,"tag_2,tag_25"
259,kp_259,l10n_mk_chart_template_kp,account.data_account_type_current_liabilities,,Останати краткорочни обврски,"tag_2,tag_25"
260,kp_260,l10n_mk_chart_template_kp,account.data_account_type_current_liabilities,,Краткорочни кредити и заеми од поврзани друштва во земјата,"tag_2,tag_26"
261,kp_261,l10n_mk_chart_template_kp,account.data_account_type_current_liabilities,,Краткорочни кредити и заеми од поврзани друштва од странство,"tag_2,tag_26"
262,kp_262,l10n_mk_chart_template_kp,account.data_account_type_current_liabilities,,Краткорочни кредити и заеми во земјата,"tag_2,tag_26"
263,kp_263,l10n_mk_chart_template_kp,account.data_account_type_current_liabilities,,Краткорочни кредити и заеми од странство,"tag_2,tag_26"
264,kp_264,l10n_mk_chart_template_kp,account.data_account_type_current_liabilities,,Обврски врз основа на издадени хартии од вредност кои се чуваат до доспевање,"tag_2,tag_26"
265,kp_265,l10n_mk_chart_template_kp,account.data_account_type_current_liabilities,,Обврски врз основа на есконтни работи,"tag_2,tag_26"
266,kp_266,l10n_mk_chart_template_kp,account.data_account_type_current_liabilities,,Обврски врз основа на откуп на побарувања,"tag_2,tag_26"
267,kp_267,l10n_mk_chart_template_kp,account.data_account_type_current_liabilities,,Обврски врз основа на нетековни средства кои се чуваат за продажба и прекинато работење,"tag_2,tag_26"
269,kp_269,l10n_mk_chart_template_kp,account.data_account_type_current_liabilities,,Обврски врз основа на останати краткорочни финансиски средства,"tag_2,tag_26"
270,kp_270,l10n_mk_chart_template_kp,account.data_account_type_non_current_liabilities,,Резервирања за трошоци во гарантен рок,"tag_2,tag_27"
271,kp_271,l10n_mk_chart_template_kp,account.data_account_type_non_current_liabilities,,Резервирања за трошоци за обновување на природни богатства,"tag_2,tag_27"
272,kp_272,l10n_mk_chart_template_kp,account.data_account_type_non_current_liabilities,,Резервирања за трошоци за преструктуирање,"tag_2,tag_27"
273,kp_273,l10n_mk_chart_template_kp,account.data_account_type_non_current_liabilities,,Резервирања за користи на вработените,"tag_2,tag_27"
279,kp_279,l10n_mk_chart_template_kp,account.data_account_type_non_current_liabilities,,Останати долгорочни резервирања,"tag_2,tag_27"
280,kp_280,l10n_mk_chart_template_kp,account.data_account_type_non_current_liabilities,,Долгорочни обврски од поврзани друштва врз основа на набавка на добра и услуги во земјата и странство,"tag_2,tag_28"
281,kp_281,l10n_mk_chart_template_kp,account.data_account_type_non_current_liabilities,,"Долгорочни обврски од поврзани друштва за аванси, депозити и кауции во земјата и странство","tag_2,tag_28"
282,kp_282,l10n_mk_chart_template_kp,account.data_account_type_non_current_liabilities,,Долгорочни обврски спрема добавувачи во земјата,"tag_2,tag_28"
283,kp_283,l10n_mk_chart_template_kp,account.data_account_type_non_current_liabilities,,Долгорочни обврски спрема добавувачи од странство,"tag_2,tag_28"
284,kp_284,l10n_mk_chart_template_kp,account.data_account_type_non_current_liabilities,,"Долгорочни обврски за примени аванси, депозити и кауции во земјата и странство","tag_2,tag_28"
285,kp_285,l10n_mk_chart_template_kp,account.data_account_type_non_current_liabilities,,Долгорочни обврски врз основа на заеми и кредити од поврзани друштва во земјата и странство,"tag_2,tag_28"
286,kp_286,l10n_mk_chart_template_kp,account.data_account_type_non_current_liabilities,,Долгорочни обврски врз основа на заеми и кредити во земјата и странство,"tag_2,tag_28"
287,kp_287,l10n_mk_chart_template_kp,account.data_account_type_non_current_liabilities,,Долгорочни обврски врз основа на издадени хартии од вредност,"tag_2,tag_28"
288,kp_288,l10n_mk_chart_template_kp,account.data_account_type_non_current_liabilities,,Останати долгорочни обврски и останати финансиски долгорочни обврски,"tag_2,tag_28"
289,kp_289,l10n_mk_chart_template_kp,account.data_account_type_non_current_liabilities,,Одложени даночни обврски,"tag_2,tag_28"
290,kp_290,l10n_mk_chart_template_kp,account.data_account_type_non_current_liabilities,,Однапред пресметани трошоци,"tag_2,tag_29"
291,kp_291,l10n_mk_chart_template_kp,account.data_account_type_non_current_liabilities,,Пресметани трошоци за набавка на добра,"tag_2,tag_29"
292,kp_292,l10n_mk_chart_template_kp,account.data_account_type_non_current_liabilities,,Пресметани трошоци за користење на права,"tag_2,tag_29"
293,kp_293,l10n_mk_chart_template_kp,account.data_account_type_non_current_liabilities,,Пресметани приходи за идни периоди,"tag_2,tag_29"
294,kp_294,l10n_mk_chart_template_kp,account.data_account_type_non_current_liabilities,,Одложено признавање на приходи врз основа на државни поддршки,"tag_2,tag_29"
295,kp_295,l10n_mk_chart_template_kp,account.data_account_type_non_current_liabilities,,Одложено признавање на приходи,"tag_2,tag_29"
299,kp_299,l10n_mk_chart_template_kp,account.data_account_type_non_current_liabilities,,Останати пасивни временски разграничувања,"tag_2,tag_29"
300,kp_300,l10n_mk_chart_template_kp,account.data_account_type_other,,Вредност по пресметка од добавувачите,"tag_3,tag_30"
301,kp_301,l10n_mk_chart_template_kp,account.data_account_type_other,,Зависни трошоци на набавката,"tag_3,tag_30"
302,kp_302,l10n_mk_chart_template_kp,account.data_account_type_other,,Царини и други увозни давачки,"tag_3,tag_30"
303,kp_303,l10n_mk_chart_template_kp,account.data_account_type_other,,Данок на додадена вредност и останати давачки (без право на одбивка),"tag_3,tag_30"
304,kp_304,l10n_mk_chart_template_kp,account.data_account_type_other,,Останати давачки поврзани со набавката на залихите,"tag_3,tag_30"
309,kp_309,l10n_mk_chart_template_kp,account.data_account_type_other,,Пресметка на набавката,"tag_3,tag_30"
310,kp_310,l10n_mk_chart_template_kp,account.data_account_type_current_assets,,Суровини и материјали на залиха,"tag_3,tag_31"
311,kp_311,l10n_mk_chart_template_kp,account.data_account_type_current_assets,,Суровини и материјали на пат,"tag_3,tag_31"
316,kp_316,l10n_mk_chart_template_kp,account.data_account_type_current_assets,,"Суровини и материјали во доработка, обработка и манипулација","tag_3,tag_31"
318,kp_318,l10n_mk_chart_template_kp,account.data_account_type_current_assets,,Вредносно усогласување на залихите на суровини и материјали,"tag_3,tag_31"
319,kp_319,l10n_mk_chart_template_kp,account.data_account_type_current_assets,,Отстапување од стандардните (плански) цени на суровини и материјали,"tag_3,tag_31"
320,kp_320,l10n_mk_chart_template_kp,account.data_account_type_current_assets,,Залиха на резервни делови,"tag_3,tag_32"
328,kp_328,l10n_mk_chart_template_kp,account.data_account_type_current_assets,,Вредносно усогласување на залиха на резервни делови,"tag_3,tag_32"
329,kp_329,l10n_mk_chart_template_kp,account.data_account_type_current_assets,,Отстапување од стандардните (плански) цени на резервните делови,"tag_3,tag_32"
350,kp_350,l10n_mk_chart_template_kp,account.data_account_type_current_assets,,Ситен инвентар на залиха,"tag_3,tag_35"
351,kp_351,l10n_mk_chart_template_kp,account.data_account_type_current_assets,,Ситен инвентар во употреба,"tag_3,tag_35"
352,kp_352,l10n_mk_chart_template_kp,account.data_account_type_current_assets,,Залиха на амбалажа,"tag_3,tag_35"
353,kp_353,l10n_mk_chart_template_kp,account.data_account_type_current_assets,,Амбалажа во употреба,"tag_3,tag_35"
354,kp_354,l10n_mk_chart_template_kp,account.data_account_type_current_assets,,Залиха на автогуми,"tag_3,tag_35"
355,kp_355,l10n_mk_chart_template_kp,account.data_account_type_current_assets,,Автогуми во употреба,"tag_3,tag_35"
358,kp_358,l10n_mk_chart_template_kp,account.data_account_type_current_assets,,"Вредносно усогласување на залихи на ситен инвентар, амбалажа и автогуми","tag_3,tag_35"
359,kp_359,l10n_mk_chart_template_kp,account.data_account_type_current_assets,,"Отстапување од стандардните (плански) цени на ситен инвентар, амбалажа и автогуми","tag_3,tag_35"
400,kp_400,l10n_mk_chart_template_kp,account.data_account_type_direct_costs,,Трошоци за суровини и материјали (за производство),"tag_4,tag_40"
401,kp_401,l10n_mk_chart_template_kp,account.data_account_type_direct_costs,,"Трошоци за материјали (за администрација, управа и продажба)","tag_4,tag_40"
402,kp_402,l10n_mk_chart_template_kp,account.data_account_type_direct_costs,,Трошоци за енергија (за производство),"tag_4,tag_40"
403,kp_403,l10n_mk_chart_template_kp,account.data_account_type_direct_costs,,"Трошоци за енергија (за администрација, управа и продажба)","tag_4,tag_40"
404,kp_404,l10n_mk_chart_template_kp,account.data_account_type_direct_costs,,Трошоци за резервни делови и материјали за одржување (за производство),"tag_4,tag_40"
405,kp_405,l10n_mk_chart_template_kp,account.data_account_type_direct_costs,,"Трошоци за резервни делови и материјали за одржување (за администрација, управа и продажба)","tag_4,tag_40"
406,kp_406,l10n_mk_chart_template_kp,account.data_account_type_direct_costs,,Трошоци за амбалажа,"tag_4,tag_40"
407,kp_407,l10n_mk_chart_template_kp,account.data_account_type_direct_costs,,"Трошоци за ситен инвентар, амбалажа и автогуми (за производство)","tag_4,tag_40"
408,kp_408,l10n_mk_chart_template_kp,account.data_account_type_direct_costs,,"Трошоци за ситен инвентар, амбалажа и автогуми (за администрација, управа и продажба)","tag_4,tag_40"
409,kp_409,l10n_mk_chart_template_kp,account.data_account_type_direct_costs,,Отстапувања од стандардните (плански) цени,"tag_4,tag_40"
410,kp_410,l10n_mk_chart_template_kp,account.data_account_type_direct_costs,,Транспортни услуги,"tag_4,tag_41"
411,kp_411,l10n_mk_chart_template_kp,account.data_account_type_direct_costs,,"Поштенски услуги, телефонски услуги и интернет","tag_4,tag_41"
412,kp_412,l10n_mk_chart_template_kp,account.data_account_type_direct_costs,,Надворешни услуги за изработка на добра и извршување на услуги,"tag_4,tag_41"
413,kp_413,l10n_mk_chart_template_kp,account.data_account_type_direct_costs,,Услуги за одржување и заштита,"tag_4,tag_41"
414,kp_414,l10n_mk_chart_template_kp,account.data_account_type_direct_costs,,Наем - лизинг,"tag_4,tag_41"
415,kp_415,l10n_mk_chart_template_kp,account.data_account_type_direct_costs,,Комунални услуги,"tag_4,tag_41"
416,kp_416,l10n_mk_chart_template_kp,account.data_account_type_direct_costs,,Трошоци за истражување и развој,"tag_4,tag_41"
417,kp_417,l10n_mk_chart_template_kp,account.data_account_type_direct_costs,,"Трошоци за реклама, пропаганда, промоција и саеми","tag_4,tag_41"
419,kp_419,l10n_mk_chart_template_kp,account.data_account_type_direct_costs,,Останати услуги,"tag_4,tag_41"
420,kp_420,l10n_mk_chart_template_kp,account.data_account_type_direct_costs,,Плата и надоместоци на плата - бруто (за производство),"tag_4,tag_42"
421,kp_421,l10n_mk_chart_template_kp,account.data_account_type_direct_costs,,"Плата и надоместоци на плата - бруто (за администрација, управа и продажба)","tag_4,tag_42"
422,kp_422,l10n_mk_chart_template_kp,account.data_account_type_direct_costs,,Останати трошоци за вработените,"tag_4,tag_42"
430,kp_430,l10n_mk_chart_template_kp,account.data_account_type_depreciation,,Трошоци за амортизација (за производство),"tag_4,tag_43"
431,kp_431,l10n_mk_chart_template_kp,account.data_account_type_depreciation,,Трошоци за амортизација на биолошки средства,"tag_4,tag_43"
432,kp_432,l10n_mk_chart_template_kp,account.data_account_type_depreciation,,"Трошоци за амортизација (за администрација, управа и продажба)","tag_4,tag_43"
433,kp_433,l10n_mk_chart_template_kp,account.data_account_type_direct_costs,,Долгорочни резервирања за трошоци за обновување на природни богатства,"tag_4,tag_43"
435,kp_435,l10n_mk_chart_template_kp,account.data_account_type_direct_costs,,Долгорочни резервирања за користи на вработените,"tag_4,tag_43"
436,kp_436,l10n_mk_chart_template_kp,account.data_account_type_direct_costs,,Долгорочни резервирања на трошоци за преструктуирање,"tag_4,tag_43"
437,kp_437,l10n_mk_chart_template_kp,account.data_account_type_direct_costs,,Долгорочни резервирања за гарантен рок,"tag_4,tag_43"
438,kp_438,l10n_mk_chart_template_kp,account.data_account_type_direct_costs,,Долгорочни резервирања за кауции и депозити,"tag_4,tag_43"
439,kp_439,l10n_mk_chart_template_kp,account.data_account_type_direct_costs,,Останати долгорочни резервирања за трошоци и ризици,"tag_4,tag_43"
440,kp_440,l10n_mk_chart_template_kp,account.data_account_type_direct_costs,,"Дневници за службени патувања, ноќевања и патни трошоци","tag_4,tag_44"
441,kp_441,l10n_mk_chart_template_kp,account.data_account_type_direct_costs,,Надоместоци на трошоци на вработените и подароци,"tag_4,tag_44"
442,kp_442,l10n_mk_chart_template_kp,account.data_account_type_direct_costs,,"Трошоци за надомест и други примања на членови на управен и надзорен одбор, одбор на директори и управители","tag_4,tag_44"
443,kp_443,l10n_mk_chart_template_kp,account.data_account_type_direct_costs,,Трошоци за спонзорства и донации,"tag_4,tag_44"
444,kp_444,l10n_mk_chart_template_kp,account.data_account_type_direct_costs,,Трошоци за репрезентација,"tag_4,tag_44"
445,kp_445,l10n_mk_chart_template_kp,account.data_account_type_direct_costs,,Трошоци за осигурување,"tag_4,tag_44"
446,kp_446,l10n_mk_chart_template_kp,account.data_account_type_direct_costs,,Банкарски услуги и трошоци за платен промет,"tag_4,tag_44"
447,kp_447,l10n_mk_chart_template_kp,account.data_account_type_direct_costs,,"Даноци кои не зависат од резултатот, членарини и други давачки","tag_4,tag_44"
448,kp_448,l10n_mk_chart_template_kp,account.data_account_type_direct_costs,,Трошоци за користење на права (освен наем),"tag_4,tag_44"
449,kp_449,l10n_mk_chart_template_kp,account.data_account_type_direct_costs,,Останати трошоци на работењето,"tag_4,tag_44"
450,kp_450,l10n_mk_chart_template_kp,account.data_account_type_direct_costs,,Вредносно усогласување (обезвреднување) на нематеријални средства,"tag_4,tag_45"
451,kp_451,l10n_mk_chart_template_kp,account.data_account_type_direct_costs,,Вредносно усогласување (обезвреднување) на материјални средства,"tag_4,tag_45"
452,kp_452,l10n_mk_chart_template_kp,account.data_account_type_direct_costs,,Вредносно усогласување (обезвреднување) на вложувања во недвижности,"tag_4,tag_45"
453,kp_453,l10n_mk_chart_template_kp,account.data_account_type_direct_costs,,Вредносно усогласување (обезвреднување) на останати материјални средства,"tag_4,tag_45"
454,kp_454,l10n_mk_chart_template_kp,account.data_account_type_direct_costs,,"Вредносно усогласување (обезвреднување) на долгорочни побарувања, депозити и слично","tag_4,tag_45"
455,kp_455,l10n_mk_chart_template_kp,account.data_account_type_direct_costs,,Вредносно усогласување (обезвреднување) на краткорочни побарувања,"tag_4,tag_45"
456,kp_456,l10n_mk_chart_template_kp,account.data_account_type_direct_costs,,Вредносно усогласување (обезвреднување) на залихи,"tag_4,tag_45"
457,kp_457,l10n_mk_chart_template_kp,account.data_account_type_direct_costs,,Вредносно усогласување (обезвреднување) на нетековни средства кои се чуваат за продажба и прекинато работење,"tag_4,tag_45"
459,kp_459,l10n_mk_chart_template_kp,account.data_account_type_direct_costs,,Вредносно усогласување (обезвреднување) на останати средства,"tag_4,tag_45"
460,kp_460,l10n_mk_chart_template_kp,account.data_account_type_direct_costs,,Загуби врз основа на расходување и загуби од продажба на нематеријални и материјални средства,"tag_4,tag_46"
461,kp_461,l10n_mk_chart_template_kp,account.data_account_type_direct_costs,,Загуби врз основа на расходување и загуба од продажба на биолошки средства,"tag_4,tag_46"
462,kp_462,l10n_mk_chart_template_kp,account.data_account_type_direct_costs,,Загуби врз основа на продажба на учество во капитал и хартии од вредност,"tag_4,tag_46"
463,kp_463,l10n_mk_chart_template_kp,account.data_account_type_direct_costs,,Загуба од продажба на материјали,"tag_4,tag_46"
464,kp_464,l10n_mk_chart_template_kp,account.data_account_type_direct_costs,,"Кусоци, кало, растур, расипување и кршење","tag_4,tag_46"
465,kp_465,l10n_mk_chart_template_kp,account.data_account_type_direct_costs,,"Расходи врз основа на ефекти од договорени заштити од ризици, кои не ги исполнуваат условите да се искажат во рамките на ревалоризационите резерви","tag_4,tag_46"
466,kp_466,l10n_mk_chart_template_kp,account.data_account_type_direct_costs,,Расходи врз основа на директен отпис на побарувања,"tag_4,tag_46"
467,kp_467,l10n_mk_chart_template_kp,account.data_account_type_direct_costs,,"Расходи за дополнително одобрени попусти, рабат, рекламации и дадени примероци","tag_4,tag_46"
468,kp_468,l10n_mk_chart_template_kp,account.data_account_type_direct_costs,,"Казни, пенали, надоместоци за штети и друго","tag_4,tag_46"
469,kp_469,l10n_mk_chart_template_kp,account.data_account_type_direct_costs,,Останати расходи од работењето,"tag_4,tag_46"
470,kp_470,l10n_mk_chart_template_kp,account.data_account_type_expenses,,Расходи врз основа на камати од работењето со поврзани друштва,"tag_4,tag_47"
471,kp_471,l10n_mk_chart_template_kp,account.data_account_type_expenses,,Расходи врз основа на курсни разлики од работењето со поврзани друштва,"tag_4,tag_47"
472,kp_472,l10n_mk_chart_template_kp,account.data_account_type_expenses,,Останати финансиски расходи од поврзани друштва,"tag_4,tag_47"
474,kp_474,l10n_mk_chart_template_kp,account.data_account_type_expenses,,Расходи врз основа на камати од работењето со неповрзани друштва,"tag_4,tag_47"
475,kp_475,l10n_mk_chart_template_kp,account.data_account_type_expenses,,Расходи врз основа на негативни курсни разлики од работењето со неповрзани друштва,"tag_4,tag_47"
476,kp_476,l10n_mk_chart_template_kp,account.data_account_type_expenses,,Вредносно усогласување (обезвреднување) на долгорочни финансиски средства и хартии од вредност расположиви за продажба,"tag_4,tag_47"
477,kp_477,l10n_mk_chart_template_kp,account.data_account_type_expenses,,Нереализирани загуби (расходи) од финансиски средства,"tag_4,tag_47"
479,kp_479,l10n_mk_chart_template_kp,account.data_account_type_expenses,,Останати финансиски расходи,"tag_4,tag_47"
480,kp_480,l10n_mk_chart_template_kp,account.data_account_type_expenses,,Удел во загуба на придружно друштво,"tag_4,tag_48"
481,kp_481,l10n_mk_chart_template_kp,account.data_account_type_expenses,,Нето загуба од прекинато работење,"tag_4,tag_48"
490,kp_490,l10n_mk_chart_template_kp,account.data_account_type_expenses,,Распоред на директни трошоци - за пресметка на вредноста на добра (производи) и услуги,"tag_4,tag_49"
491,kp_491,l10n_mk_chart_template_kp,account.data_account_type_expenses,,Распоред на општи трошоци за пресметка на вредноста на добра (производи) и услуги,"tag_4,tag_49"
492,kp_492,l10n_mk_chart_template_kp,account.data_account_type_expenses,,Распоред на трошоците непосредно врз товар на вкупниот приход,"tag_4,tag_49"
600,kp_600,l10n_mk_chart_template_kp,account.data_account_type_current_assets,,Производство (изградба) во тек,"tag_6,tag_60"
601,kp_601,l10n_mk_chart_template_kp,account.data_account_type_current_assets,,Залиха на полупроизводи,"tag_6,tag_60"
602,kp_602,l10n_mk_chart_template_kp,account.data_account_type_current_assets,,"Залиха на застарени недовршени производи, полупроизводи и делови","tag_6,tag_60"
606,kp_606,l10n_mk_chart_template_kp,account.data_account_type_current_assets,,"Производство во доработка, обработка и манипулација","tag_6,tag_60"
608,kp_608,l10n_mk_chart_template_kp,account.data_account_type_current_assets,,"Вредносно усогласување на недовршени производи – услуги, полупроизводи и делови","tag_6,tag_60"
609,kp_609,l10n_mk_chart_template_kp,account.data_account_type_current_assets,,Отстапување од стандардните (плански) цени на производството,"tag_6,tag_60"
610,kp_610,l10n_mk_chart_template_kp,account.data_account_type_current_assets,,Недовршено производство на биолошки средства,"tag_6,tag_61"
611,kp_611,l10n_mk_chart_template_kp,account.data_account_type_current_assets,,Залиха на биолошки средства за продажба,"tag_6,tag_61"
618,kp_618,l10n_mk_chart_template_kp,account.data_account_type_current_assets,,Вредносно усогласување на биолошки средства,"tag_6,tag_61"
630,kp_630,l10n_mk_chart_template_kp,account.data_account_type_current_assets,,Производи на залиха,"tag_6,tag_63"
631,kp_631,l10n_mk_chart_template_kp,account.data_account_type_current_assets,,Производи во туѓ склад,"tag_6,tag_63"
633,kp_633,l10n_mk_chart_template_kp,account.data_account_type_current_assets,,Производи во продавница,"tag_6,tag_63"
634,kp_634,l10n_mk_chart_template_kp,account.data_account_type_current_assets,,Вкалкулиран данок на додадена вредност,"tag_6,tag_63"
635,kp_635,l10n_mk_chart_template_kp,account.data_account_type_current_assets,,Вкалкулирани акцизи,"tag_6,tag_63"
636,kp_636,l10n_mk_chart_template_kp,account.data_account_type_current_assets,,"Производи во доработка, обработка и манипулација","tag_6,tag_63"
637,kp_637,l10n_mk_chart_template_kp,account.data_account_type_current_assets,,Залихи на некурентни производи и отпадоци,"tag_6,tag_63"
638,kp_638,l10n_mk_chart_template_kp,account.data_account_type_current_assets,,Вредносно усогласување на залихите на готовите производи,"tag_6,tag_63"
639,kp_639,l10n_mk_chart_template_kp,account.data_account_type_current_assets,,Отстапување од стандардните (плански) цени на производите,"tag_6,tag_63"
650,kp_650,l10n_mk_chart_template_kp,account.data_account_type_other,,Вредност на стоките по пресметка на добавувачот,"tag_6,tag_65"
651,kp_651,l10n_mk_chart_template_kp,account.data_account_type_other,,Зависни трошоци за набавка на стоки,"tag_6,tag_65"
652,kp_652,l10n_mk_chart_template_kp,account.data_account_type_other,,Царини и други увозни давачки за стоките,"tag_6,tag_65"
653,kp_653,l10n_mk_chart_template_kp,account.data_account_type_other,,"Данок на додадена вредност, акцизи и други давачки за стоки","tag_6,tag_65"
659,kp_659,l10n_mk_chart_template_kp,account.data_account_type_other,,Пресметка на набавката,"tag_6,tag_65"
660,kp_660,l10n_mk_chart_template_kp,account.data_account_type_current_assets,,Стоки на залиха,"tag_6,tag_66"
661,kp_661,l10n_mk_chart_template_kp,account.data_account_type_current_assets,,Стоки во туѓ склад,"tag_6,tag_66"
662,kp_662,l10n_mk_chart_template_kp,account.data_account_type_current_assets,,Стоки на пат,"tag_6,tag_66"
663,kp_663,l10n_mk_chart_template_kp,account.data_account_type_current_assets,,Стоки во продавница,"tag_6,tag_66"
664,kp_664,l10n_mk_chart_template_kp,account.data_account_type_current_assets,,Вкалкулиран данок на додадена вредност,"tag_6,tag_66"
665,kp_665,l10n_mk_chart_template_kp,account.data_account_type_current_assets,,Вкалкулирани акцизи,"tag_6,tag_66"
666,kp_666,l10n_mk_chart_template_kp,account.data_account_type_current_assets,,"Стоки во доработка, обработка и манипулација","tag_6,tag_66"
668,kp_668,l10n_mk_chart_template_kp,account.data_account_type_current_assets,,Вредносно усогласување на залихата на стоките,"tag_6,tag_66"
669,kp_669,l10n_mk_chart_template_kp,account.data_account_type_current_assets,,Разлика во цени на стоките,"tag_6,tag_66"
670,kp_670,l10n_mk_chart_template_kp,account.data_account_type_current_assets,,Нематеријални средства кои се чуваат за продажба,"tag_6,tag_67"
671,kp_671,l10n_mk_chart_template_kp,account.data_account_type_current_assets,,Земјиште коe се чува за продажба,"tag_6,tag_67"
672,kp_672,l10n_mk_chart_template_kp,account.data_account_type_current_assets,,Градежни објекти кои се чуваат за продажба,"tag_6,tag_67"
673,kp_673,l10n_mk_chart_template_kp,account.data_account_type_current_assets,,Вложувања во недвижности кои се чуваат за продажба,"tag_6,tag_67"
674,kp_674,l10n_mk_chart_template_kp,account.data_account_type_current_assets,,Останати нетековни средства кои се чуваат за продажба,"tag_6,tag_67"
675,kp_675,l10n_mk_chart_template_kp,account.data_account_type_current_assets,,Биолошки средства кои се чуваат за продажба,"tag_6,tag_67"
676,kp_676,l10n_mk_chart_template_kp,account.data_account_type_current_assets,,Средства чие работење е прекинато,"tag_6,tag_67"
678,kp_678,l10n_mk_chart_template_kp,account.data_account_type_current_assets,,Вредносно усогласување на нетековни средства кои се чуваат за продажба и прекинато работење,"tag_6,tag_67"
700,kp_700,l10n_mk_chart_template_kp,account.data_account_type_direct_costs,,Расходи врз основа на продадени добра (производи) и услуги,"tag_7,tag_70"
701,kp_701,l10n_mk_chart_template_kp,account.data_account_type_direct_costs,,Набавна вредност на продадени добра (стоки),"tag_7,tag_70"
702,kp_702,l10n_mk_chart_template_kp,account.data_account_type_direct_costs,,Набавна вредност на продадени нетековни средства кои се чуваат за продажба и прекинато работење,"tag_7,tag_70"
703,kp_703,l10n_mk_chart_template_kp,account.data_account_type_direct_costs,,"Набавна вредност на продадени материјали, резервни делови и отпадоци","tag_7,tag_70"
730,kp_730,l10n_mk_chart_template_kp,account.data_account_type_revenue,,"Приходи од продажба на добра (производи, стоки) и услуги на поврзани друштва во земјата","tag_7,tag_73"
731,kp_731,l10n_mk_chart_template_kp,account.data_account_type_revenue,,"Приходи од продажба на добра (производи, стоки) и услуги на поврзани друштва од странство","tag_7,tag_73"
732,kp_732,l10n_mk_chart_template_kp,account.data_account_type_revenue,,Приходи од специфично работење на поврзани друштва,"tag_7,tag_73"
733,kp_733,l10n_mk_chart_template_kp,account.data_account_type_revenue,,Приходи од продажба на добра и услуги на поврзани друштва врз други основи,"tag_7,tag_73"
740,kp_740,l10n_mk_chart_template_kp,account.data_account_type_revenue,,Приходи од продажба на добра (производи) и услуги во земјата,"tag_7,tag_74"
741,kp_741,l10n_mk_chart_template_kp,account.data_account_type_revenue,,Приходи од продажба на добра (стоки) во земјата,"tag_7,tag_74"
742,kp_742,l10n_mk_chart_template_kp,account.data_account_type_revenue,,"Приходи од продажба на добра (производи, стоки) и услуги во странство","tag_7,tag_74"
743,kp_743,l10n_mk_chart_template_kp,account.data_account_type_revenue,,"Приходи од продажба на материјали, резервни делови и отпадоци","tag_7,tag_74"
744,kp_744,l10n_mk_chart_template_kp,account.data_account_type_revenue,,Приходи од продажба на нетековни средства кои се чуваат за продажба и прекинато работење,"tag_7,tag_74"
745,kp_745,l10n_mk_chart_template_kp,account.data_account_type_revenue,,"Приходи врз основа на употреба на сопствени добра (производи, стоки) и услуги","tag_7,tag_74"
746,kp_746,l10n_mk_chart_template_kp,account.data_account_type_revenue,,Приходи од специфично работење на неповрзани друштва,"tag_7,tag_74"
747,kp_747,l10n_mk_chart_template_kp,account.data_account_type_revenue,,Приходи од наемнини,"tag_7,tag_74"
748,kp_748,l10n_mk_chart_template_kp,account.data_account_type_revenue,,Приходи од продажба на добра врз основа на финансиски наем (лизинг),"tag_7,tag_74"
749,kp_749,l10n_mk_chart_template_kp,account.data_account_type_revenue,,Останати приходи од продажба на неповрзани друштва,"tag_7,tag_74"
750,kp_750,l10n_mk_chart_template_kp,account.data_account_type_revenue,,Приходи од вредносно усогласување на нематеријални средства,"tag_7,tag_75"
751,kp_751,l10n_mk_chart_template_kp,account.data_account_type_revenue,,Приходи од вредносно усогласување на материјални средства,"tag_7,tag_75"
752,kp_752,l10n_mk_chart_template_kp,account.data_account_type_revenue,,Приходи од вредносно усогласување на вложувања во недвижности,"tag_7,tag_75"
753,kp_753,l10n_mk_chart_template_kp,account.data_account_type_revenue,,Приходи од вредносно усогласување на останати материјални средства,"tag_7,tag_75"
754,kp_754,l10n_mk_chart_template_kp,account.data_account_type_revenue,,"Приходи од вредносно усогласување на долгорочни побарувања, депозити и слично","tag_7,tag_75"
755,kp_755,l10n_mk_chart_template_kp,account.data_account_type_revenue,,Приходи од вредносно усогласување на краткорочни побарувања,"tag_7,tag_75"
756,kp_756,l10n_mk_chart_template_kp,account.data_account_type_revenue,,Приходи од вредносно усогласување на залихи,"tag_7,tag_75"
757,kp_757,l10n_mk_chart_template_kp,account.data_account_type_revenue,,Приходи од вредносно усогласување на нетековни средства кои се чуваат за продажба и прекинато работење,"tag_7,tag_75"
759,kp_759,l10n_mk_chart_template_kp,account.data_account_type_revenue,,Приходи од вредносно усогласување на останати средства,"tag_7,tag_75"
760,kp_760,l10n_mk_chart_template_kp,account.data_account_type_revenue,,Добивки од продажба на нематеријални и материјални средства,"tag_7,tag_76"
761,kp_761,l10n_mk_chart_template_kp,account.data_account_type_revenue,,Добивки од продажба на биолошки средства,"tag_7,tag_76"
762,kp_762,l10n_mk_chart_template_kp,account.data_account_type_revenue,,Добивки од продажба на учество во капитал и хартии од вредност,"tag_7,tag_76"
763,kp_763,l10n_mk_chart_template_kp,account.data_account_type_revenue,,Добивки од продажба на материјали и отпадоци,"tag_7,tag_76"
764,kp_764,l10n_mk_chart_template_kp,account.data_account_type_revenue,,Вишоци,"tag_7,tag_76"
765,kp_765,l10n_mk_chart_template_kp,account.data_account_type_revenue,,Приходи од наплатени отпишани побарувања и приходи од отпис на обврските,"tag_7,tag_76"
766,kp_766,l10n_mk_chart_template_kp,account.data_account_type_revenue,,Приходи врз основа на ефекти од договорена заштита од ризик,"tag_7,tag_76"
767,kp_767,l10n_mk_chart_template_kp,account.data_account_type_revenue,,"Приходи од премии, субвенции, дотации и донации","tag_7,tag_76"
768,kp_768,l10n_mk_chart_template_kp,account.data_account_type_revenue,,Приходи од укинување на долгорочни резервирања,"tag_7,tag_76"
769,kp_769,l10n_mk_chart_template_kp,account.data_account_type_revenue,,Останати приходи од работењето,"tag_7,tag_76"
770,kp_770,l10n_mk_chart_template_kp,account.data_account_type_other_income,,Приходи врз основа на камати од работењето со поврзани друштва,"tag_7,tag_77"
771,kp_771,l10n_mk_chart_template_kp,account.data_account_type_other_income,,Приходи врз основа на позитивни курсни разлики од работењето со поврзани друштва,"tag_7,tag_77"
772,kp_772,l10n_mk_chart_template_kp,account.data_account_type_other_income,,Останати финансиски приходи од поврзани друштва,"tag_7,tag_77"
773,kp_773,l10n_mk_chart_template_kp,account.data_account_type_other_income,,Приходи од вложувања во поврзани друштва,"tag_7,tag_77"
774,kp_774,l10n_mk_chart_template_kp,account.data_account_type_other_income,,Приходи врз основа на камати од работењето со неповрзани друштва,"tag_7,tag_77"
775,kp_775,l10n_mk_chart_template_kp,account.data_account_type_other_income,,Приходи врз основа на позитивни курсни разлики од работењето со неповрзани друштва,"tag_7,tag_77"
776,kp_776,l10n_mk_chart_template_kp,account.data_account_type_other_income,,Приходи од вложувања во неповрзани друштва,"tag_7,tag_77"
777,kp_777,l10n_mk_chart_template_kp,account.data_account_type_other_income,,Нереализирани добивки (приходи) од финансиски средства,"tag_7,tag_77"
779,kp_779,l10n_mk_chart_template_kp,account.data_account_type_other_income,,Останати финансиски приходи,"tag_7,tag_77"
780,kp_780,l10n_mk_chart_template_kp,account.data_account_type_other_income,,Удел во добивката на придружно друштво,"tag_7,tag_78"
781,kp_781,l10n_mk_chart_template_kp,account.data_account_type_other_income,,Нето добивка од прекинато работење,"tag_7,tag_78"
790,kp_790,l10n_mk_chart_template_kp,account.data_account_type_other_income,,Разлика на приходи и расходи од вкупното работење,"tag_7,tag_79"
800,kp_800,l10n_mk_chart_template_kp,account.data_unaffected_earnings,,Добивка пред оданочување,"tag_8,tag_80"
801,kp_801,l10n_mk_chart_template_kp,account.data_unaffected_earnings,,Загуба пред оданочување,"tag_8,tag_80"
810,kp_810,l10n_mk_chart_template_kp,account.data_unaffected_earnings,,Данок на добивка,"tag_8,tag_81"
811,kp_811,l10n_mk_chart_template_kp,account.data_unaffected_earnings,,Одложени даночни приходи,"tag_8,tag_81"
812,kp_812,l10n_mk_chart_template_kp,account.data_unaffected_earnings,,Одложени даночни расходи,"tag_8,tag_81"
813,kp_813,l10n_mk_chart_template_kp,account.data_unaffected_earnings,,Други давачки,"tag_8,tag_81"
820,kp_820,l10n_mk_chart_template_kp,account.data_unaffected_earnings,,Нето добивка за периодот,"tag_8,tag_82"
821,kp_821,l10n_mk_chart_template_kp,account.data_unaffected_earnings,,Нето загуба за периодот,"tag_8,tag_82"
830,kp_830,l10n_mk_chart_template_kp,account.data_unaffected_earnings,,Добивка која припаѓа на сопствениците на матичното друштво,"tag_8,tag_83"
831,kp_831,l10n_mk_chart_template_kp,account.data_unaffected_earnings,,Добивка која припаѓа на учество кое нема контрола,"tag_8,tag_83"
832,kp_832,l10n_mk_chart_template_kp,account.data_unaffected_earnings,,Загуба која припаѓа на сопствениците на матичното друштво,"tag_8,tag_83"
833,kp_833,l10n_mk_chart_template_kp,account.data_unaffected_earnings,,Загуба која припаѓа на учество кое нема контрола,"tag_8,tag_83"
840,kp_840,l10n_mk_chart_template_kp,account.data_unaffected_earnings,,Добивка која произлегува од преведување на странско работење,"tag_8,tag_84"
841,kp_841,l10n_mk_chart_template_kp,account.data_unaffected_earnings,,Загуба која произлегува од преведување на странско работење,"tag_8,tag_84"
842,kp_842,l10n_mk_chart_template_kp,account.data_unaffected_earnings,,Добивка од повторно мерење на финансиски средства расположиви за продажба,"tag_8,tag_84"
843,kp_843,l10n_mk_chart_template_kp,account.data_unaffected_earnings,,Загуба од повторно мерење на финансиски средства расположиви за продажба,"tag_8,tag_84"
844,kp_844,l10n_mk_chart_template_kp,account.data_unaffected_earnings,,Добивка од ефектот од хеџинг инструменти за хеџирање на парични текови,"tag_8,tag_84"
845,kp_845,l10n_mk_chart_template_kp,account.data_unaffected_earnings,,Загуба од ефектот од хеџинг инструменти за хеџирање на парични текови,"tag_8,tag_84"
846,kp_846,l10n_mk_chart_template_kp,account.data_unaffected_earnings,,Позитивни ефекти од ревалоризација на нематеријалните и материјалните средства,"tag_8,tag_84"
847,kp_847,l10n_mk_chart_template_kp,account.data_unaffected_earnings,,Негативни ефекти од ревалоризација на нематеријалните и материјалните средства,"tag_8,tag_84"
848,kp_848,l10n_mk_chart_template_kp,account.data_unaffected_earnings,,Актуарски добивки на дефинирани планови за користи на вработените,"tag_8,tag_84"
849,kp_849,l10n_mk_chart_template_kp,account.data_unaffected_earnings,,Актуарски загуби на дефинирани планови за користи на вработените,"tag_8,tag_84"
850,kp_850,l10n_mk_chart_template_kp,account.data_unaffected_earnings,,Удел во останата сеопфатна добивка на придружни друштва,"tag_8,tag_85"
851,kp_851,l10n_mk_chart_template_kp,account.data_unaffected_earnings,,Удел во останата сеопфатна загуба на придружни друштва,"tag_8,tag_85"
860,kp_860,l10n_mk_chart_template_kp,account.data_unaffected_earnings,,Данок на добивка на компоненти на останата сеопфатна добивка,"tag_8,tag_86"
870,kp_870,l10n_mk_chart_template_kp,account.data_unaffected_earnings,,Нето останата сеопфатна добивка,"tag_8,tag_87"
871,kp_871,l10n_mk_chart_template_kp,account.data_unaffected_earnings,,Нето останата сеопфатна загуба,"tag_8,tag_87"
880,kp_880,l10n_mk_chart_template_kp,account.data_unaffected_earnings,,Сеопфатна добивка која им припаѓа на сопствениците на матичното друштво,"tag_8,tag_88"
881,kp_881,l10n_mk_chart_template_kp,account.data_unaffected_earnings,,Сеопфатна добивка која им припаѓа на учество кое нема контрола,"tag_8,tag_88"
882,kp_882,l10n_mk_chart_template_kp,account.data_unaffected_earnings,,Сеопфатна загуба која им припаѓа на сопствениците на матичното друштво,"tag_8,tag_88"
883,kp_883,l10n_mk_chart_template_kp,account.data_unaffected_earnings,,Сеопфатна загуба која им припаѓа на учество кое нема контрола,"tag_8,tag_88"
890,kp_890,l10n_mk_chart_template_kp,account.data_unaffected_earnings,,Покривање на загубата од претходни години,"tag_8,tag_89"
891,kp_891,l10n_mk_chart_template_kp,account.data_unaffected_earnings,,Зголемување на капиталот (капитал на сопствениците),"tag_8,tag_89"
892,kp_892,l10n_mk_chart_template_kp,account.data_unaffected_earnings,,Дивиденди или удел во добивката и друго,"tag_8,tag_89"
893,kp_893,l10n_mk_chart_template_kp,account.data_unaffected_earnings,,Резерви,"tag_8,tag_89"
899,kp_899,l10n_mk_chart_template_kp,account.data_unaffected_earnings,,Нераспоредена добивка,"tag_8,tag_89"
900,kp_900,l10n_mk_chart_template_kp,account.data_account_type_equity,,Основна главнина - запишан и уплатен капитал,"tag_9,tag_90"
901,kp_901,l10n_mk_chart_template_kp,account.data_account_type_equity,,"Запишана, а неуплатена основна главнина","tag_9,tag_90"
902,kp_902,l10n_mk_chart_template_kp,account.data_account_type_equity,,Сопствени акции и удели,"tag_9,tag_90"
910,kp_910,l10n_mk_chart_template_kp,account.data_account_type_equity,,Премии врз основа на продажба на обични акции,"tag_9,tag_91"
911,kp_911,l10n_mk_chart_template_kp,account.data_account_type_equity,,Премии врз основа на продажба на приоритетни акции,"tag_9,tag_91"
912,kp_912,l10n_mk_chart_template_kp,account.data_account_type_equity,,Премии врз основа на конверзија на приоритетни акции во обични акции,"tag_9,tag_91"
930,kp_930,l10n_mk_chart_template_kp,account.data_account_type_equity,,Ревалоризациони резерви на нематеријални и материјални средства,"tag_9,tag_93"
931,kp_931,l10n_mk_chart_template_kp,account.data_account_type_equity,,Ревалоризациони резерви врз основа на преведување на странско работење,"tag_9,tag_93"
932,kp_932,l10n_mk_chart_template_kp,account.data_account_type_equity,,Ревалоризациони резерви врз основа на финансиски средства расположиви за продажба,"tag_9,tag_93"
933,kp_933,l10n_mk_chart_template_kp,account.data_account_type_equity,,Добивки/загуби од заштита на паричниот тек до рекласификација,"tag_9,tag_93"
934,kp_934,l10n_mk_chart_template_kp,account.data_account_type_equity,,Добивки/загуби на дефинирани планови за користи на вработените,"tag_9,tag_93"
935,kp_935,l10n_mk_chart_template_kp,account.data_account_type_equity,,Останати ревалоризациони резерви,"tag_9,tag_93"
940,kp_940,l10n_mk_chart_template_kp,account.data_account_type_equity,,Законски резерви,"tag_9,tag_94"
941,kp_941,l10n_mk_chart_template_kp,account.data_account_type_equity,,Статутарни резерви,"tag_9,tag_94"
942,kp_942,l10n_mk_chart_template_kp,account.data_account_type_equity,,Останати резерви,"tag_9,tag_94"
950,kp_950,l10n_mk_chart_template_kp,account.data_account_type_equity,,Задржана (акумулирана) добивка од претходни години,"tag_9,tag_95"
951,kp_951,l10n_mk_chart_template_kp,account.data_account_type_equity,,Добивка од тековната година,"tag_9,tag_95"
960,kp_960,l10n_mk_chart_template_kp,account.data_account_type_equity,,Пренесена загуба од претходни години,"tag_9,tag_96"
961,kp_961,l10n_mk_chart_template_kp,account.data_account_type_equity,,Загуба за тековната година,"tag_9,tag_96"
990,kp_990,l10n_mk_chart_template_kp,account.data_account_type_vonbilansna_aktiva,,"Примени туѓи недвижности, постројки и опрема","tag_9,tag_99a"
991,kp_991,l10n_mk_chart_template_kp,account.data_account_type_vonbilansna_aktiva,,"Примени туѓи материјали, полупроизводи, производи и стоки","tag_9,tag_99a"
992,kp_992,l10n_mk_chart_template_kp,account.data_account_type_vonbilansna_aktiva,,Хартии од вредност и други вредносници,"tag_9,tag_99a"
993,kp_993,l10n_mk_chart_template_kp,account.data_account_type_vonbilansna_aktiva,,Права,"tag_9,tag_99a"
994,kp_994,l10n_mk_chart_template_kp,account.data_account_type_vonbilansna_aktiva,,Останата активна вонбилансна евиденција,"tag_9,tag_99a"
995,kp_995,l10n_mk_chart_template_kp,account.data_account_type_vonbilansna_pasiva,,"Обврски за примени туѓи недвижности, постројки и опрема","tag_9,tag_99p"
996,kp_996,l10n_mk_chart_template_kp,account.data_account_type_vonbilansna_pasiva,,"Обврски за примени туѓи материјали, полупроизводи, производи и стоки","tag_9,tag_99p"
997,kp_997,l10n_mk_chart_template_kp,account.data_account_type_vonbilansna_pasiva,,Обврски за хартии од вредност и други вредносници,"tag_9,tag_99p"
998,kp_998,l10n_mk_chart_template_kp,account.data_account_type_vonbilansna_pasiva,,Обврски за права,"tag_9,tag_99p"
999,kp_999,l10n_mk_chart_template_kp,account.data_account_type_vonbilansna_pasiva,,Останата пасивна вонбилансна евиденција,"tag_9,tag_99p"
